geo,year,fertility_rate,id
Andorra,2006,1.23598,1
Andorra,2007,1.17811,2
Andorra,2008,1.25228,3
Andorra,2009,1.19414,4
Andorra,2010,1.27491,5
Albania,2002,1.90345,6
Albania,2003,2.05832,7
Albania,2004,1.86175,8
Albania,2005,1.78784,9
Albania,2006,1.67209,10
Albania,2007,1.61713,11
Albania,2008,1.58248,12
Albania,2009,1.62755,13
Albania,2010,1.63118,14
Albania,2011,1.64833,15
Albania,2012,1.70506,16
Albania,2013,1.72964,17
Albania,2014,1.7344,18
Albania,2015,1.59469,19
Albania,2016,1.53794,20
Albania,2017,1.4754,21
Albania,2018,1.36807,22
Albania,2020,1.33672,23
Albania,2021,1.30726,24
Albania,2022,1.20643,25
Armenia,2006,1.34366,26
Armenia,2007,1.41237,27
Armenia,2008,1.43438,28
Armenia,2009,1.53422,29
Armenia,2015,1.62067,30
Armenia,2016,1.6248,31
Armenia,2017,1.56087,32
Armenia,2018,1.56746,33
Armenia,2019,1.60075,34
Austria,1995,1.42314,35
Austria,1996,1.44533,36
Austria,1997,1.39192,37
Austria,1998,1.36942,38
Austria,1999,1.33952,39
Austria,2000,1.36353,40
Austria,2001,1.33005,41
Austria,2002,1.3932,42
Austria,2003,1.37502,43
Austria,2004,1.41811,44
Austria,2005,1.40667,45
Austria,2006,1.4079,46
Austria,2007,1.38395,47
Austria,2008,1.41583,48
Austria,2009,1.39478,49
Austria,2010,1.44231,50
Austria,2011,1.42994,51
Austria,2012,1.43955,52
Austria,2013,1.43547,53
Austria,2014,1.46365,54
Austria,2015,1.4902,55
Austria,2016,1.5292,56
Austria,2017,1.51755,57
Austria,2018,1.47446,58
Austria,2019,1.46062,59
Austria,2020,1.4355,60
Austria,2021,1.47612,61
Austria,2022,1.40927,62
Austria,2023,1.31576,63
Azerbaijan,2006,1.97405,64
Azerbaijan,2007,1.96811,65
Azerbaijan,2008,1.90432,66
Azerbaijan,2009,1.82076,67
Azerbaijan,2010,1.924,68
Azerbaijan,2012,1.99712,69
Azerbaijan,2013,1.97578,70
Azerbaijan,2014,1.96592,71
Azerbaijan,2015,1.94264,72
Azerbaijan,2016,1.89964,73
Azerbaijan,2017,1.75,74
Azerbaijan,2018,1.73095,75
Azerbaijan,2019,1.8104,76
Belgium,1995,1.56121,77
Belgium,1996,1.59121,78
Belgium,1997,1.60485,79
Belgium,1998,1.59654,80
Belgium,1999,1.61555,81
Belgium,2000,1.66658,82
Belgium,2001,1.66859,83
Belgium,2002,1.64626,84
Belgium,2003,1.66839,85
Belgium,2004,1.72384,86
Belgium,2005,1.76013,87
Belgium,2006,1.80019,88
Belgium,2007,1.81621,89
Belgium,2008,1.85051,90
Belgium,2009,1.83727,91
Belgium,2010,1.86219,92
Belgium,2011,1.81431,93
Belgium,2012,1.79743,94
Belgium,2013,1.75557,95
Belgium,2014,1.74223,96
Belgium,2015,1.69586,97
Belgium,2016,1.68349,98
Belgium,2017,1.64774,99
Belgium,2018,1.62131,100
Belgium,2019,1.60334,101
Belgium,2020,1.55182,102
Belgium,2021,1.59851,103
Belgium,2022,1.52949,104
Belgium,2023,1.47168,105
Bulgaria,1995,1.22952,106
Bulgaria,1996,1.22959,107
Bulgaria,1997,1.09012,108
Bulgaria,1998,1.11167,109
Bulgaria,1999,1.23218,110
Bulgaria,2000,1.2614,111
Bulgaria,2001,1.21065,112
Bulgaria,2002,1.23001,113
Bulgaria,2003,1.26206,114
Bulgaria,2004,1.32731,115
Bulgaria,2005,1.36625,116
Bulgaria,2006,1.44228,117
Bulgaria,2007,1.49167,118
Bulgaria,2008,1.56468,119
Bulgaria,2009,1.66041,120
Bulgaria,2010,1.57444,121
Bulgaria,2011,1.50856,122
Bulgaria,2012,1.50111,123
Bulgaria,2013,1.54435,124
Bulgaria,2014,1.61926,125
Bulgaria,2015,1.6353,126
Bulgaria,2016,1.66986,127
Bulgaria,2017,1.70913,128
Bulgaria,2018,1.73247,129
Bulgaria,2019,1.79021,130
Bulgaria,2020,1.77469,131
Bulgaria,2021,1.80211,132
Bulgaria,2022,1.7761,133
Bulgaria,2023,1.81442,134
Belarus,2006,1.28727,135
Belarus,2007,1.37303,136
Belarus,2008,1.42409,137
Belarus,2011,1.51498,138
Belarus,2012,1.62005,139
Belarus,2013,1.66766,140
Belarus,2014,1.69619,141
Belarus,2015,1.7243,142
Belarus,2016,1.73327,143
Belarus,2017,1.54139,144
Belarus,2018,1.44812,145
Switzerland,1995,1.47737,146
Switzerland,1996,1.50237,147
Switzerland,1997,1.47787,148
Switzerland,1998,1.46995,149
Switzerland,1999,1.48167,150
Switzerland,2000,1.49638,151
Switzerland,2001,1.38374,152
Switzerland,2002,1.38939,153
Switzerland,2003,1.385,154
Switzerland,2004,1.41523,155
Switzerland,2005,1.41931,156
Switzerland,2006,1.43655,157
Switzerland,2007,1.45561,158
Switzerland,2008,1.48342,159
Switzerland,2009,1.4964,160
Switzerland,2010,1.52256,161
Switzerland,2011,1.51731,162
Switzerland,2012,1.525,163
Switzerland,2013,1.51562,164
Switzerland,2014,1.53825,165
Switzerland,2015,1.53939,166
Switzerland,2016,1.54485,167
Switzerland,2017,1.52104,168
Switzerland,2018,1.51769,169
Switzerland,2019,1.47889,170
Switzerland,2020,1.46423,171
Switzerland,2021,1.51682,172
Switzerland,2022,1.38788,173
Switzerland,2023,1.33219,174
Cyprus,1995,2.02802,175
Cyprus,1996,1.95489,176
Cyprus,1997,1.85999,177
Cyprus,1998,1.76189,178
Cyprus,1999,1.66986,179
Cyprus,2000,1.64152,180
Cyprus,2001,1.56733,181
Cyprus,2002,1.4918,182
Cyprus,2003,1.50625,183
Cyprus,2004,1.51925,184
Cyprus,2005,1.4753,185
Cyprus,2006,1.52356,186
Cyprus,2007,1.44475,187
Cyprus,2008,1.48234,188
Cyprus,2009,1.47493,189
Cyprus,2010,1.43813,190
Cyprus,2011,1.34964,191
Cyprus,2012,1.39266,192
Cyprus,2013,1.29597,193
Cyprus,2014,1.31423,194
Cyprus,2015,1.32024,195
Cyprus,2016,1.36508,196
Cyprus,2017,1.31986,197
Cyprus,2018,1.3193,198
Cyprus,2019,1.32834,199
Cyprus,2020,1.36229,200
Cyprus,2021,1.39363,201
Cyprus,2022,1.36844,202
Cyprus,2023,1.40391,203
Czechia,1995,1.27804,204
Czechia,1996,1.18489,205
Czechia,1997,1.17219,206
Czechia,1998,1.15637,207
Czechia,1999,1.13242,208
Czechia,2000,1.14722,209
Czechia,2001,1.14657,210
Czechia,2002,1.17205,211
Czechia,2003,1.18072,212
Czechia,2004,1.23013,213
Czechia,2005,1.28764,214
Czechia,2006,1.33656,215
Czechia,2007,1.44847,216
Czechia,2008,1.51234,217
Czechia,2009,1.51005,218
Czechia,2010,1.51363,219
Czechia,2011,1.4266,220
Czechia,2012,1.45163,221
Czechia,2013,1.45545,222
Czechia,2014,1.52756,223
Czechia,2015,1.56948,224
Czechia,2016,1.62987,225
Czechia,2017,1.68576,226
Czechia,2018,1.70756,227
Czechia,2019,1.70834,228
Czechia,2020,1.74134,229
Czechia,2021,1.82575,230
Czechia,2022,1.638,231
Czechia,2023,1.4557,232
Germany,2000,1.38003,233
Germany,2001,1.34643,234
Germany,2002,1.33918,235
Germany,2003,1.33756,236
Germany,2004,1.3565,237
Germany,2005,1.33801,238
Germany,2006,1.32938,239
Germany,2007,1.36875,240
Germany,2008,1.37865,241
Germany,2009,1.35691,242
Germany,2010,1.39206,243
Germany,2011,1.39091,244
Germany,2012,1.4093,245
Germany,2013,1.41871,246
Germany,2014,1.47486,247
Germany,2015,1.50232,248
Germany,2016,1.59662,249
Germany,2017,1.56944,250
Germany,2018,1.56558,251
Germany,2019,1.54091,252
Germany,2020,1.53148,253
Germany,2021,1.57669,254
Germany,2022,1.45567,255
Germany,2023,1.38506,256
Denmark,1995,1.80481,257
Denmark,1996,1.74759,258
Denmark,1997,1.75225,259
Denmark,1998,1.72238,260
Denmark,1999,1.734,261
Denmark,2000,1.77031,262
Denmark,2001,1.7445,263
Denmark,2002,1.72429,264
Denmark,2003,1.75865,265
Denmark,2004,1.78136,266
Denmark,2005,1.79911,267
Denmark,2006,1.84659,268
Denmark,2007,1.8423,269
Denmark,2008,1.88764,270
Denmark,2009,1.83868,271
Denmark,2010,1.87025,272
Denmark,2011,1.75169,273
Denmark,2012,1.72831,274
Denmark,2013,1.66802,275
Denmark,2014,1.69034,276
Denmark,2015,1.71295,277
Denmark,2016,1.78505,278
Denmark,2017,1.75155,279
Denmark,2018,1.72981,280
Denmark,2019,1.69964,281
Denmark,2020,1.67541,282
Denmark,2021,1.72465,283
Denmark,2022,1.55339,284
Denmark,2023,1.49666,285
Estonia,1995,1.38022,286
Estonia,1996,1.37246,287
Estonia,1997,1.31666,288
Estonia,1998,1.28394,289
Estonia,1999,1.30079,290
Estonia,2000,1.35519,291
Estonia,2001,1.31562,292
Estonia,2002,1.35829,293
Estonia,2003,1.36652,294
Estonia,2004,1.47269,295
Estonia,2005,1.51829,296
Estonia,2006,1.58406,297
Estonia,2007,1.68714,298
Estonia,2008,1.72087,299
Estonia,2009,1.70061,300
Estonia,2010,1.72048,301
Estonia,2011,1.61316,302
Estonia,2012,1.55941,303
Estonia,2013,1.52109,304
Estonia,2014,1.53817,305
Estonia,2015,1.57811,306
Estonia,2016,1.60481,307
Estonia,2017,1.59088,308
Estonia,2018,1.6709,309
Estonia,2019,1.66126,310
Estonia,2020,1.58139,311
Estonia,2021,1.6078,312
Estonia,2022,1.40772,313
Estonia,2023,1.30842,314
Greece,1995,1.28349,315
Greece,1996,1.2614,316
Greece,1997,1.26569,317
Greece,1998,1.23899,318
Greece,1999,1.22843,319
Greece,2000,1.25307,320
Greece,2001,1.25071,321
Greece,2002,1.28091,322
Greece,2003,1.29429,323
Greece,2004,1.31225,324
Greece,2005,1.33826,325
Greece,2006,1.40142,326
Greece,2007,1.40756,327
Greece,2008,1.49688,328
Greece,2009,1.50435,329
Greece,2010,1.48161,330
Greece,2011,1.39528,331
Greece,2012,1.34472,332
Greece,2013,1.29228,333
Greece,2014,1.29838,334
Greece,2015,1.32801,335
Greece,2016,1.38196,336
Greece,2017,1.34997,337
Greece,2018,1.35001,338
Greece,2019,1.33732,339
Greece,2020,1.38602,340
Greece,2021,1.43206,341
Greece,2022,1.31524,342
Greece,2023,1.2604,343
Spain,1995,1.1553,344
Spain,1996,1.14053,345
Spain,1997,1.15008,346
Spain,1998,1.12907,347
Spain,1999,1.16783,348
Spain,2000,1.21524,349
Spain,2001,1.23218,350
Spain,2002,1.25179,351
Spain,2003,1.29604,352
Spain,2004,1.31319,353
Spain,2005,1.32955,354
Spain,2006,1.36227,355
Spain,2007,1.37687,356
Spain,2008,1.44608,357
Spain,2009,1.37935,358
Spain,2010,1.36904,359
Spain,2011,1.34238,360
Spain,2012,1.32109,361
Spain,2013,1.27306,362
Spain,2014,1.31771,363
Spain,2015,1.33016,364
Spain,2016,1.33316,365
Spain,2017,1.30508,366
Spain,2018,1.25616,367
Spain,2019,1.22868,368
Spain,2020,1.17977,369
Spain,2021,1.18054,370
Spain,2022,1.15727,371
Spain,2023,1.11863,372
Finland,1995,1.80688,373
Finland,1996,1.77677,374
Finland,1997,1.7461,375
Finland,1998,1.70032,376
Finland,1999,1.73455,377
Finland,2000,1.72875,378
Finland,2001,1.72565,379
Finland,2002,1.71759,380
Finland,2003,1.75971,381
Finland,2004,1.80024,382
Finland,2005,1.80286,383
Finland,2006,1.83691,384
Finland,2007,1.82903,385
Finland,2008,1.84621,386
Finland,2009,1.86386,387
Finland,2010,1.86967,388
Finland,2011,1.82695,389
Finland,2012,1.80069,390
Finland,2013,1.74709,391
Finland,2014,1.71006,392
Finland,2015,1.64963,393
Finland,2016,1.56703,394
Finland,2017,1.48939,395
Finland,2018,1.40675,396
Finland,2019,1.3474,397
Finland,2020,1.37015,398
Finland,2021,1.4575,399
Finland,2022,1.31606,400
Finland,2023,1.25717,401
France,1998,1.77945,402
France,1999,1.80899,403
France,2000,1.8938,404
France,2001,1.89557,405
France,2002,1.88115,406
France,2003,1.89165,407
France,2004,1.91505,408
France,2005,1.93864,409
France,2006,1.9981,410
France,2007,1.9778,411
France,2008,2.00745,412
France,2009,2.00449,413
France,2010,2.0297,414
France,2011,2.011,415
France,2012,2.00938,416
France,2013,1.98938,417
France,2014,2.00041,418
France,2015,1.95692,419
France,2016,1.925,420
France,2017,1.89351,421
France,2018,1.87066,422
France,2019,1.86327,423
France,2020,1.81782,424
France,2021,1.82536,425
France,2022,1.78069,426
France,2023,1.66014,427
Metropolitan France,1995,1.71349,428
Metropolitan France,1996,1.73368,429
Metropolitan France,1997,1.72623,430
Metropolitan France,1998,1.76408,431
Metropolitan France,1999,1.79145,432
Metropolitan France,2000,1.87436,433
Metropolitan France,2001,1.8767,434
Metropolitan France,2002,1.86424,435
Metropolitan France,2003,1.87364,436
Metropolitan France,2004,1.89746,437
Metropolitan France,2005,1.91898,438
Metropolitan France,2006,1.98017,439
Metropolitan France,2007,1.95869,440
Metropolitan France,2008,1.98995,441
Metropolitan France,2009,1.98907,442
Metropolitan France,2010,2.01619,443
Metropolitan France,2011,1.99618,444
Metropolitan France,2012,1.9923,445
Georgia,2006,1.40629,446
Georgia,2007,1.45044,447
Georgia,2008,1.66191,448
Georgia,2009,1.84674,449
Georgia,2010,1.81063,450
Georgia,2014,1.97332,451
Georgia,2015,2.21445,452
Georgia,2016,2.22789,453
Georgia,2017,2.13639,454
Georgia,2018,2.09321,455
Georgia,2019,2.02114,456
Georgia,2020,1.9759,457
Georgia,2022,1.82621,458
Georgia,2023,1.71472,459
Croatia,2001,1.4565,460
Croatia,2002,1.424,461
Croatia,2003,1.4087,462
Croatia,2004,1.42895,463
Croatia,2005,1.50313,464
Croatia,2006,1.46569,465
Croatia,2007,1.48324,466
Croatia,2008,1.55118,467
Croatia,2009,1.58451,468
Croatia,2010,1.54806,469
Croatia,2011,1.48132,470
Croatia,2012,1.5132,471
Croatia,2013,1.4567,472
Croatia,2014,1.45715,473
Croatia,2015,1.39935,474
Croatia,2016,1.42419,475
Croatia,2017,1.4187,476
Croatia,2018,1.4689,477
Croatia,2019,1.46666,478
Croatia,2020,1.56441,479
Croatia,2021,1.62617,480
Croatia,2022,1.53385,481
Croatia,2023,1.4659,482
Hungary,1995,1.5688,483
Hungary,1996,1.45591,484
Hungary,1997,1.37484,485
Hungary,1998,1.32415,486
Hungary,1999,1.28184,487
Hungary,2000,1.31887,488
Hungary,2001,1.30858,489
Hungary,2002,1.30263,490
Hungary,2003,1.2718,491
Hungary,2004,1.27586,492
Hungary,2005,1.30646,493
Hungary,2006,1.3399,494
Hungary,2007,1.31579,495
Hungary,2008,1.34746,496
Hungary,2009,1.32118,497
Hungary,2010,1.24982,498
Hungary,2011,1.23322,499
Hungary,2012,1.33735,500
Hungary,2013,1.35128,501
Hungary,2014,1.43752,502
Hungary,2015,1.44697,503
Hungary,2016,1.53106,504
Hungary,2017,1.54418,505
Hungary,2018,1.54551,506
Hungary,2019,1.55471,507
Hungary,2020,1.58595,508
Hungary,2021,1.6053,509
Hungary,2022,1.55832,510
Hungary,2023,1.54857,511
Ireland,1995,1.84362,512
Ireland,1996,1.88385,513
Ireland,1997,1.9332,514
Ireland,1998,1.94046,515
Ireland,1999,1.89966,516
Ireland,2000,1.88684,517
Ireland,2001,1.93523,518
Ireland,2002,1.96662,519
Ireland,2003,1.95719,520
Ireland,2004,1.92785,521
Ireland,2005,1.85809,522
Ireland,2006,1.90847,523
Ireland,2007,2.00564,524
Ireland,2008,2.05938,525
Ireland,2009,2.05615,526
Ireland,2010,2.04899,527
Ireland,2011,2.02614,528
Ireland,2012,1.98295,529
Ireland,2013,1.92648,530
Ireland,2014,1.89256,531
Ireland,2015,1.85272,532
Ireland,2016,1.8081,533
Ireland,2017,1.76659,534
Ireland,2018,1.75498,535
Ireland,2019,1.71067,536
Ireland,2020,1.62748,537
Ireland,2021,1.77701,538
Ireland,2022,1.54366,539
Ireland,2023,1.50183,540
Iceland,1995,2.079,541
Iceland,1996,2.11949,542
Iceland,1997,2.03735,543
Iceland,1998,2.04656,544
Iceland,1999,1.99356,545
Iceland,2000,2.07932,546
Iceland,2001,1.95233,547
Iceland,2002,1.93473,548
Iceland,2003,1.99033,549
Iceland,2004,2.03968,550
Iceland,2005,2.04841,551
Iceland,2006,2.07933,552
Iceland,2007,2.08803,553
Iceland,2008,2.15422,554
Iceland,2009,2.22808,555
Iceland,2010,2.19661,556
Iceland,2011,2.01704,557
Iceland,2012,2.0368,558
Iceland,2013,1.9327,559
Iceland,2014,1.93186,560
Iceland,2015,1.80473,561
Iceland,2016,1.74459,562
Iceland,2017,1.70979,563
Iceland,2018,1.70702,564
Iceland,2019,1.74453,565
Iceland,2020,1.71794,566
Iceland,2021,1.81841,567
Iceland,2022,1.58997,568
Iceland,2023,1.55144,569
Italy,1995,1.19215,570
Italy,1996,1.19727,571
Italy,1997,1.21287,572
Italy,1998,1.21359,573
Italy,1999,1.23308,574
Italy,2000,1.25688,575
Italy,2001,1.25097,576
Italy,2002,1.27042,577
Italy,2003,1.28843,578
Italy,2004,1.34052,579
Italy,2005,1.33371,580
Italy,2006,1.3676,581
Italy,2007,1.393,582
Italy,2008,1.43797,583
Italy,2009,1.43716,584
Italy,2010,1.44063,585
Italy,2011,1.42436,586
Italy,2012,1.41804,587
Italy,2013,1.38871,588
Italy,2014,1.3843,589
Italy,2015,1.36496,590
Italy,2016,1.35717,591
Italy,2017,1.33744,592
Italy,2018,1.30586,593
Italy,2019,1.26702,594
Italy,2020,1.24459,595
Italy,2021,1.25223,596
Italy,2022,1.24272,597
Italy,2023,1.20579,598
Liechtenstein,2000,1.57277,599
Liechtenstein,2001,1.52314,600
Liechtenstein,2002,1.47034,601
Liechtenstein,2003,1.36263,602
Liechtenstein,2004,1.43815,603
Liechtenstein,2005,1.49036,604
Liechtenstein,2006,1.42934,605
Liechtenstein,2007,1.42409,606
Liechtenstein,2008,1.43468,607
Liechtenstein,2009,1.70976,608
Liechtenstein,2010,1.40317,609
Liechtenstein,2011,1.68784,610
Liechtenstein,2012,1.50778,611
Liechtenstein,2013,1.45108,612
Liechtenstein,2014,1.59242,613
Liechtenstein,2015,1.40072,614
Liechtenstein,2016,1.61054,615
Liechtenstein,2017,1.44019,616
Liechtenstein,2018,1.58132,617
Liechtenstein,2019,1.47819,618
Liechtenstein,2020,1.45528,619
Liechtenstein,2021,1.52805,620
Liechtenstein,2022,1.47239,621
Liechtenstein,2023,1.45249,622
Lithuania,1995,1.55114,623
Lithuania,1996,1.49356,624
Lithuania,1997,1.46738,625
Lithuania,1998,1.45877,626
Lithuania,1999,1.45994,627
Lithuania,2000,1.3892,628
Lithuania,2001,1.28668,629
Lithuania,2002,1.23329,630
Lithuania,2003,1.26344,631
Lithuania,2004,1.27394,632
Lithuania,2005,1.29332,633
Lithuania,2006,1.32558,634
Lithuania,2007,1.36135,635
Lithuania,2008,1.44811,636
Lithuania,2009,1.50251,637
Lithuania,2010,1.49995,638
Lithuania,2011,1.55147,639
Lithuania,2012,1.59575,640
Lithuania,2013,1.58576,641
Lithuania,2014,1.56894,642
Lithuania,2015,1.62571,643
Lithuania,2016,1.62812,644
Lithuania,2017,1.57109,645
Lithuania,2018,1.52725,646
Lithuania,2019,1.43429,647
Lithuania,2020,1.35555,648
Lithuania,2021,1.35873,649
Lithuania,2022,1.2702,650
Lithuania,2023,1.18372,651
Luxembourg,1995,1.69519,652
Luxembourg,1996,1.76864,653
Luxembourg,1997,1.7143,654
Luxembourg,1998,1.6804,655
Luxembourg,1999,1.74132,656
Luxembourg,2000,1.76249,657
Luxembourg,2001,1.65544,658
Luxembourg,2002,1.62605,659
Luxembourg,2003,1.61697,660
Luxembourg,2004,1.66065,661
Luxembourg,2005,1.62694,662
Luxembourg,2006,1.64649,663
Luxembourg,2007,1.60846,664
Luxembourg,2008,1.606,665
Luxembourg,2009,1.5873,666
Luxembourg,2010,1.62677,667
Luxembourg,2011,1.52217,668
Luxembourg,2012,1.5733,669
Luxembourg,2013,1.54914,670
Luxembourg,2014,1.49683,671
Luxembourg,2015,1.46584,672
Luxembourg,2016,1.41146,673
Luxembourg,2017,1.39329,674
Luxembourg,2018,1.38157,675
Luxembourg,2019,1.33795,676
Luxembourg,2020,1.36058,677
Luxembourg,2021,1.38394,678
Luxembourg,2022,1.31446,679
Luxembourg,2023,1.25042,680
Latvia,2000,1.2479,681
Latvia,2001,1.22253,682
Latvia,2002,1.25508,683
Latvia,2003,1.32201,684
Latvia,2004,1.29084,685
Latvia,2005,1.38596,686
Latvia,2006,1.45814,687
Latvia,2007,1.53668,688
Latvia,2008,1.58166,689
Latvia,2009,1.46414,690
Latvia,2010,1.35784,691
Latvia,2011,1.33326,692
Latvia,2012,1.43997,693
Latvia,2013,1.52299,694
Latvia,2014,1.64564,695
Latvia,2015,1.69905,696
Latvia,2016,1.73786,697
Latvia,2017,1.6929,698
Latvia,2018,1.60468,699
Latvia,2019,1.60607,700
Latvia,2020,1.5462,701
Latvia,2021,1.5716,702
Latvia,2022,1.47092,703
Latvia,2023,1.35836,704
Moldova,2006,1.22134,705
Moldova,2007,1.24842,706
Moldova,2008,1.26816,707
Moldova,2009,1.31472,708
Moldova,2010,1.29559,709
Moldova,2011,1.26617,710
Moldova,2012,1.27882,711
Moldova,2014,1.32956,712
Moldova,2015,1.54154,713
Moldova,2017,1.7202,714
Moldova,2018,1.70842,715
Moldova,2019,1.68307,716
Moldova,2020,1.68501,717
Moldova,2021,1.72135,718
Moldova,2022,1.70217,719
Moldova,2023,1.62412,720
Montenegro,2005,1.69043,721
Montenegro,2006,1.73131,722
Montenegro,2007,1.79673,723
Montenegro,2008,1.89061,724
Montenegro,2009,1.97993,725
Montenegro,2010,1.69651,726
Montenegro,2011,1.65153,727
Montenegro,2012,1.71743,728
Montenegro,2013,1.73088,729
Montenegro,2014,1.75417,730
Montenegro,2015,1.73528,731
Montenegro,2016,1.79493,732
Montenegro,2017,1.77765,733
Montenegro,2018,1.75804,734
Montenegro,2019,1.76561,735
Montenegro,2020,1.75485,736
Montenegro,2021,1.75979,737
Montenegro,2022,1.77531,738
Montenegro,2023,1.75882,739
North Macedonia,1995,2.13006,740
North Macedonia,1996,2.06649,741
North Macedonia,1997,1.926,742
North Macedonia,1998,1.90063,743
North Macedonia,1999,1.76356,744
North Macedonia,2000,1.88258,745
North Macedonia,2001,1.72635,746
North Macedonia,2002,1.79591,747
North Macedonia,2003,1.76754,748
North Macedonia,2004,1.52139,749
North Macedonia,2005,1.4586,750
North Macedonia,2006,1.45988,751
North Macedonia,2007,1.45992,752
North Macedonia,2008,1.47294,753
North Macedonia,2009,1.51876,754
North Macedonia,2010,1.55571,755
North Macedonia,2011,1.45753,756
North Macedonia,2012,1.51,757
North Macedonia,2013,1.48638,758
North Macedonia,2014,1.52188,759
North Macedonia,2015,1.49528,760
North Macedonia,2016,1.5015,761
North Macedonia,2017,1.4341,762
North Macedonia,2018,1.42107,763
North Macedonia,2019,1.34071,764
North Macedonia,2020,1.30856,765
North Macedonia,2021,1.43672,766
North Macedonia,2022,1.58476,767
Malta,1995,1.77238,768
Malta,1996,1.98604,769
Malta,1997,1.93257,770
Malta,1998,1.84198,771
Malta,1999,1.7291,772
Malta,2000,1.68026,773
Malta,2001,1.47576,774
Malta,2002,1.4547,775
Malta,2003,1.48498,776
Malta,2004,1.39507,777
Malta,2005,1.37742,778
Malta,2006,1.36401,779
Malta,2007,1.35276,780
Malta,2008,1.4254,781
Malta,2009,1.41587,782
Malta,2010,1.36253,783
Malta,2011,1.45155,784
Malta,2012,1.42084,785
Malta,2013,1.35937,786
Malta,2014,1.37981,787
Malta,2015,1.37375,788
Malta,2016,1.37326,789
Malta,2017,1.2644,790
Malta,2018,1.23221,791
Malta,2019,1.14444,792
Malta,2020,1.1338,793
Malta,2021,1.12878,794
Malta,2022,1.07786,795
Malta,2023,1.06332,796
Netherlands,1995,1.53167,797
Netherlands,1996,1.52906,798
Netherlands,1997,1.56237,799
Netherlands,1998,1.62806,800
Netherlands,1999,1.65188,801
Netherlands,2000,1.72233,802
Netherlands,2001,1.70953,803
Netherlands,2002,1.73066,804
Netherlands,2003,1.74623,805
Netherlands,2004,1.72487,806
Netherlands,2005,1.70751,807
Netherlands,2006,1.71922,808
Netherlands,2007,1.7167,809
Netherlands,2008,1.77185,810
Netherlands,2009,1.78933,811
Netherlands,2010,1.79434,812
Netherlands,2011,1.75831,813
Netherlands,2012,1.72213,814
Netherlands,2013,1.67843,815
Netherlands,2014,1.71233,816
Netherlands,2015,1.65772,817
Netherlands,2016,1.66277,818
Netherlands,2017,1.61886,819
Netherlands,2018,1.58618,820
Netherlands,2019,1.57402,821
Netherlands,2020,1.54489,822
Netherlands,2021,1.62419,823
Netherlands,2022,1.48643,824
Netherlands,2023,1.42977,825
Norway,1995,1.86889,826
Norway,1996,1.8891,827
Norway,1997,1.85692,828
Norway,1998,1.81368,829
Norway,1999,1.84514,830
Norway,2000,1.85131,831
Norway,2001,1.78412,832
Norway,2002,1.7541,833
Norway,2003,1.79678,834
Norway,2004,1.82815,835
Norway,2005,1.83638,836
Norway,2006,1.90404,837
Norway,2007,1.90071,838
Norway,2008,1.95685,839
Norway,2009,1.97958,840
Norway,2010,1.94577,841
Norway,2011,1.88057,842
Norway,2012,1.85135,843
Norway,2013,1.77866,844
Norway,2014,1.75283,845
Norway,2015,1.72467,846
Norway,2016,1.70733,847
Norway,2017,1.62311,848
Norway,2018,1.56464,849
Norway,2019,1.5308,850
Norway,2020,1.47643,851
Norway,2021,1.55277,852
Norway,2022,1.41016,853
Norway,2023,1.40298,854
Poland,1995,1.61914,855
Poland,1996,1.58719,856
Poland,1997,1.51422,857
Poland,1998,1.4356,858
Poland,1999,1.36897,859
Poland,2000,1.36676,860
Poland,2001,1.31494,861
Poland,2002,1.2479,862
Poland,2003,1.22241,863
Poland,2004,1.22658,864
Poland,2005,1.24258,865
Poland,2006,1.26672,866
Poland,2007,1.30626,867
Poland,2008,1.38998,868
Poland,2009,1.39757,869
Poland,2010,1.41311,870
Poland,2011,1.33118,871
Poland,2012,1.33214,872
Poland,2013,1.28716,873
Poland,2014,1.32071,874
Poland,2015,1.31811,875
Poland,2016,1.38513,876
Poland,2017,1.48016,877
Poland,2018,1.45845,878
Poland,2019,1.43875,879
Poland,2020,1.39491,880
Poland,2021,1.3342,881
Poland,2022,1.28602,882
Poland,2023,1.20183,883
Portugal,1995,1.40988,884
Portugal,1996,1.44401,885
Portugal,1997,1.47292,886
Portugal,1998,1.47375,887
Portugal,1999,1.50214,888
Portugal,2000,1.54889,889
Portugal,2001,1.44941,890
Portugal,2002,1.46448,891
Portugal,2003,1.43894,892
Portugal,2004,1.40365,893
Portugal,2005,1.41356,894
Portugal,2006,1.37297,895
Portugal,2007,1.34866,896
Portugal,2008,1.39235,897
Portugal,2009,1.34348,898
Portugal,2010,1.38969,899
Portugal,2011,1.34672,900
Portugal,2012,1.28038,901
Portugal,2013,1.21268,902
Portugal,2014,1.23537,903
Portugal,2015,1.31229,904
Portugal,2016,1.36665,905
Portugal,2017,1.38424,906
Portugal,2018,1.42352,907
Portugal,2019,1.43696,908
Portugal,2020,1.4199,909
Portugal,2021,1.35124,910
Portugal,2022,1.42574,911
Portugal,2023,1.4477,912
Romania,1995,1.33491,913
Romania,1996,1.29563,914
Romania,1997,1.31866,915
Romania,1998,1.31625,916
Romania,1999,1.30152,917
Romania,2000,1.30594,918
Romania,2001,1.27001,919
Romania,2002,1.26736,920
Romania,2003,1.29971,921
Romania,2004,1.33394,922
Romania,2005,1.39803,923
Romania,2006,1.42418,924
Romania,2007,1.44511,925
Romania,2008,1.59528,926
Romania,2009,1.65529,927
Romania,2010,1.58502,928
Romania,2011,1.47113,929
Romania,2012,1.52432,930
Romania,2013,1.45624,931
Romania,2014,1.56301,932
Romania,2015,1.62008,933
Romania,2016,1.69131,934
Romania,2017,1.77759,935
Romania,2018,1.75559,936
Romania,2019,1.76952,937
Romania,2020,1.79602,938
Romania,2021,1.80713,939
Romania,2022,1.70883,940
Romania,2023,1.54284,941
Serbia,2000,1.4845,942
Serbia,2001,1.57658,943
Serbia,2002,1.567,944
Serbia,2003,1.58618,945
Serbia,2004,1.5687,946
Serbia,2005,1.44908,947
Serbia,2006,1.42862,948
Serbia,2007,1.37566,949
Serbia,2008,1.40294,950
Serbia,2009,1.43581,951
Serbia,2010,1.4034,952
Serbia,2011,1.40017,953
Serbia,2012,1.44942,954
Serbia,2013,1.42684,955
Serbia,2014,1.46294,956
Serbia,2015,1.46026,957
Serbia,2016,1.46013,958
Serbia,2017,1.48529,959
Serbia,2018,1.48518,960
Serbia,2019,1.5182,961
Serbia,2020,1.48019,962
Serbia,2021,1.51897,963
Serbia,2022,1.59418,964
Serbia,2023,1.61811,965
Russia,2006,1.29565,966
Russia,2007,1.40599,967
Russia,2008,1.49423,968
Russia,2009,1.53743,969
Russia,2010,1.56549,970
Sweden,1995,1.73046,971
Sweden,1996,1.59857,972
Sweden,1997,1.52463,973
Sweden,1998,1.50481,974
Sweden,1999,1.4984,975
Sweden,2000,1.54399,976
Sweden,2001,1.56715,977
Sweden,2002,1.64908,978
Sweden,2003,1.7122,979
Sweden,2004,1.7519,980
Sweden,2005,1.76907,981
Sweden,2006,1.85374,982
Sweden,2007,1.87907,983
Sweden,2008,1.90683,984
Sweden,2009,1.9354,985
Sweden,2010,1.98496,986
Sweden,2011,1.90133,987
Sweden,2012,1.90549,988
Sweden,2013,1.88834,989
Sweden,2014,1.88067,990
Sweden,2015,1.84875,991
Sweden,2016,1.85344,992
Sweden,2017,1.78415,993
Sweden,2018,1.75652,994
Sweden,2019,1.70974,995
Sweden,2020,1.66899,996
Sweden,2021,1.67306,997
Sweden,2022,1.5252,998
Sweden,2023,1.45338,999
Slovenia,1995,1.29198,1000
Slovenia,1996,1.28443,1001
Slovenia,1997,1.24931,1002
Slovenia,1998,1.23398,1003
Slovenia,1999,1.21337,1004
Slovenia,2000,1.25897,1005
Slovenia,2001,1.21049,1006
Slovenia,2002,1.21167,1007
Slovenia,2003,1.20117,1008
Slovenia,2004,1.24625,1009
Slovenia,2005,1.2613,1010
Slovenia,2006,1.31457,1011
Slovenia,2007,1.38233,1012
Slovenia,2008,1.52705,1013
Slovenia,2009,1.53305,1014
Slovenia,2010,1.57445,1015
Slovenia,2011,1.56128,1016
Slovenia,2012,1.58,1017
Slovenia,2013,1.54621,1018
Slovenia,2014,1.57775,1019
Slovenia,2015,1.57132,1020
Slovenia,2016,1.58307,1021
Slovenia,2017,1.61948,1022
Slovenia,2018,1.6035,1023
Slovenia,2019,1.61072,1024
Slovenia,2020,1.59406,1025
Slovenia,2021,1.64004,1026
Slovenia,2022,1.54955,1027
Slovenia,2023,1.51368,1028
Slovakia,1995,1.5234,1029
Slovakia,1996,1.47096,1030
Slovakia,1997,1.42781,1031
Slovakia,1998,1.37457,1032
Slovakia,1999,1.3296,1033
Slovakia,2000,1.29893,1034
Slovakia,2001,1.20043,1035
Slovakia,2002,1.18681,1036
Slovakia,2003,1.2047,1037
Slovakia,2004,1.2495,1038
Slovakia,2005,1.26516,1039
Slovakia,2006,1.2548,1040
Slovakia,2007,1.27019,1041
Slovakia,2008,1.34307,1042
Slovakia,2009,1.4395,1043
Slovakia,2010,1.43091,1044
Slovakia,2011,1.44943,1045
Slovakia,2012,1.33882,1046
Slovakia,2013,1.3394,1047
Slovakia,2014,1.36675,1048
Slovakia,2015,1.40379,1049
Slovakia,2016,1.48151,1050
Slovakia,2017,1.52244,1051
Slovakia,2018,1.54489,1052
Slovakia,2019,1.56554,1053
Slovakia,2020,1.59015,1054
Slovakia,2021,1.63335,1055
Slovakia,2022,1.57021,1056
Slovakia,2023,1.49157,1057
San Marino,2012,1.25775,1058
Türkiye,2007,2.13339,1059
Türkiye,2008,2.1033,1060
Türkiye,2009,2.09198,1061
Türkiye,2010,2.03943,1062
Türkiye,2011,2.03052,1063
Türkiye,2012,2.08648,1064
Türkiye,2013,2.08498,1065
Türkiye,2014,2.16574,1066
Türkiye,2015,2.14068,1067
Türkiye,2016,2.10606,1068
Türkiye,2017,2.06834,1069
Türkiye,2018,1.9926,1070
Türkiye,2019,1.87711,1071
Türkiye,2022,1.62574,1072
Türkiye,2023,1.5102,1073
Ukraine,2006,1.30049,1074
Ukraine,2007,1.33453,1075
Ukraine,2008,1.44587,1076
Ukraine,2010,1.42883,1077
Ukraine,2011,1.45879,1078
Ukraine,2012,1.53123,1079
Ukraine,2014,1.45856,1080
Ukraine,2015,1.36249,1081
Ukraine,2016,1.34569,1082
Ukraine,2017,1.26471,1083
Ukraine,2018,1.19981,1084
Ukraine,2019,1.13536,1085
United Kingdom,1995,1.70785,1086
United Kingdom,1996,1.72601,1087
United Kingdom,1997,1.7244,1088
United Kingdom,1998,1.71351,1089
United Kingdom,1999,1.68427,1090
United Kingdom,2000,1.64115,1091
United Kingdom,2001,1.62576,1092
United Kingdom,2002,1.63158,1093
United Kingdom,2003,1.70187,1094
United Kingdom,2004,1.7514,1095
United Kingdom,2005,1.7608,1096
United Kingdom,2006,1.81567,1097
United Kingdom,2007,1.86459,1098
United Kingdom,2008,1.91011,1099
United Kingdom,2009,1.89146,1100
United Kingdom,2010,1.92158,1101
United Kingdom,2011,1.91117,1102
United Kingdom,2012,1.91631,1103
United Kingdom,2013,1.82816,1104
United Kingdom,2014,1.81292,1105
United Kingdom,2015,1.80327,1106
United Kingdom,2016,1.78801,1107
United Kingdom,2017,1.73609,1108
United Kingdom,2018,1.67629,1109
Kosovo,2015,0,1110
Kosovo,2016,1.66113,1111
Kosovo,2017,1.65366,1112
Kosovo,2018,1.60645,1113
Kosovo,2019,1.54707,1114